"local_path","source_url","mime","width","height","duration","bytes","uploaded","used_on","status","caption"
"assets/audio/Chamadas_Vinhetas.mp3","https://edurodrigues.com.br/wp-content/uploads/2021/05/Chamadas_Vinhetas.mp3","audio/mpeg","","","1:22","1989037","2021-05-31","meu-portfolio","in use",""
"assets/audio/Classico.mp3","https://edurodrigues.com.br/wp-content/uploads/2021/05/Classico.mp3","audio/mpeg","","","1:49","2636956","2021-05-31","meu-portfolio","in use",""
"assets/audio/E-Learning.mp3","https://edurodrigues.com.br/wp-content/uploads/2021/05/E-Learning.mp3","audio/mpeg","","","1:25","2066009","2021-05-31","meu-portfolio","in use",""
"assets/audio/Institucional.mp3","https://edurodrigues.com.br/wp-content/uploads/2021/05/Institucional.mp3","audio/mpeg","","","1:19","1908653","2021-05-31","meu-portfolio","in use",""
"assets/audio/Jovem_Varejo.mp3","https://edurodrigues.com.br/wp-content/uploads/2021/05/Jovem_Varejo.mp3","audio/mpeg","","","1:33","2258608","2021-05-31","meu-portfolio","in use",""
"assets/audio/Radio.mp3","https://edurodrigues.com.br/wp-content/uploads/2021/05/Radio.mp3","audio/mpeg","","","1:32","2218523","2021-05-31","meu-portfolio","in use",""
"assets/audio/Repertorio_Completo.mp3","https://edurodrigues.com.br/wp-content/uploads/2021/05/Repertorio_Completo-3.mp3","audio/mpeg","","","2:45","3999538","2021-05-31","meu-portfolio","in use",""
"assets/audio/URA.mp3","https://edurodrigues.com.br/wp-content/uploads/2021/05/URA.mp3","audio/mpeg","","","1:29","2145643","2021-05-31","meu-portfolio","in use",""
"assets/audio/Voz_Natural.mp3","https://edurodrigues.com.br/wp-content/uploads/2021/05/Voz_Natural.mp3","audio/mpeg","","","1:24","2024966","2021-05-31","meu-portfolio","in use",""
"assets/brand/cropped-favicon-1.png","https://edurodrigues.com.br/wp-content/uploads/2017/03/cropped-favicon-1.png","image/png","512","512","","3107","2026-06-03","all pages (favicon - theme placeholder)","in use",""
"assets/brand/Edulogo.gif","https://edurodrigues.com.br/wp-content/uploads/2021/01/Edulogo.gif","image/gif","298","115","","13161","2021-01-07","all pages (header logo)","in use",""
"assets/clients/abdl.jpg","https://edurodrigues.com.br/wp-content/uploads/2021/01/abdl.jpg","image/jpeg","208","98","","17090","2021-01-14","home; clientes","in use",""
"assets/clients/atlasEditora.jpg","https://edurodrigues.com.br/wp-content/uploads/2021/01/atlasEditora.jpg","image/jpeg","208","98","","17538","2021-01-14","home; clientes","in use",""
"assets/clients/ChristianFormon.jpg","https://edurodrigues.com.br/wp-content/uploads/2021/01/ChristianFormon.jpg","image/jpeg","208","98","","19903","2021-01-14","home; clientes","in use",""
"assets/clients/folhaMetropolitana.jpg","https://edurodrigues.com.br/wp-content/uploads/2021/01/folhaMetropolitana.jpg","image/jpeg","208","98","","23688","2021-01-14","home; clientes","in use",""
"assets/clients/hbc.jpg","https://edurodrigues.com.br/wp-content/uploads/2021/01/hbc.jpg","image/jpeg","208","98","","16670","2021-01-14","home; clientes","in use",""
"assets/clients/herba.jpg","https://edurodrigues.com.br/wp-content/uploads/2021/01/herba.jpg","image/jpeg","208","98","","17324","2021-01-14","home; clientes","in use",""
"assets/clients/martmark.jpg","https://edurodrigues.com.br/wp-content/uploads/2021/01/martmark.jpg","image/jpeg","208","98","","18107","2021-01-14","home; clientes","in use",""
"assets/clients/metro-news.jpg","https://edurodrigues.com.br/wp-content/uploads/2021/01/metro-news.jpg","image/jpeg","208","98","","21493","2021-01-14","home; clientes","in use",""
"assets/clients/monitor.jpg","https://edurodrigues.com.br/wp-content/uploads/2021/01/monitor.jpg","image/jpeg","208","98","","20553","2021-01-14","home; clientes","in use",""
"assets/clients/Mundo-.jpg","https://edurodrigues.com.br/wp-content/uploads/2021/01/Mundo-.jpg","image/jpeg","208","98","","21562","2021-01-14","home; clientes","in use",""
"assets/clients/nextel.jpg","https://edurodrigues.com.br/wp-content/uploads/2021/01/nextel.jpg","image/jpeg","208","98","","18017","2021-01-14","home; clientes","in use",""
"assets/clients/PrefGuarulhos.jpg","https://edurodrigues.com.br/wp-content/uploads/2021/01/PrefGuarulhos.jpg","image/jpeg","208","98","","20223","2021-01-14","home; clientes","in use",""
"assets/clients/PrefSuzano.jpg","https://edurodrigues.com.br/wp-content/uploads/2021/01/PrefSuzano.jpg","image/jpeg","208","98","","19006","2021-01-14","home; clientes","in use",""
"assets/clients/pt.jpg","https://edurodrigues.com.br/wp-content/uploads/2021/01/pt.jpg","image/jpeg","208","98","","18114","2021-01-14","home; clientes","in use",""
"assets/clients/PUC.jpg","https://edurodrigues.com.br/wp-content/uploads/2021/01/PUC.jpg","image/jpeg","208","98","","19909","2021-01-14","home; clientes","in use",""
"assets/clients/segurancaSP.jpg","https://edurodrigues.com.br/wp-content/uploads/2021/01/segurancaSP.jpg","image/jpeg","208","98","","18733","2021-01-14","home; clientes","in use",""
"assets/clients/senac.jpg","https://edurodrigues.com.br/wp-content/uploads/2021/01/senac.jpg","image/jpeg","208","98","","18004","2021-01-14","home; clientes","in use",""
"assets/clients/shizen.jpg","https://edurodrigues.com.br/wp-content/uploads/2021/01/shizen.jpg","image/jpeg","208","98","","19099","2021-01-14","home; clientes","in use",""
"assets/clients/soccer.jpg","https://edurodrigues.com.br/wp-content/uploads/2021/01/soccer.jpg","image/jpeg","208","98","","17952","2021-01-14","home; clientes","in use",""
"assets/clients/Starbyte.jpg","https://edurodrigues.com.br/wp-content/uploads/2021/01/Starbyte.jpg","image/jpeg","208","98","","19283","2021-01-14","home; clientes","in use",""
"assets/clients/unidas.jpg","https://edurodrigues.com.br/wp-content/uploads/2021/01/unidas.jpg","image/jpeg","208","98","","22496","2021-01-14","home; clientes","in use",""
"assets/clients/vigorito.jpg","https://edurodrigues.com.br/wp-content/uploads/2021/01/vigorito.jpg","image/jpeg","208","98","","20320","2021-01-14","home; clientes","in use",""
"assets/clients/vilanova.jpg","https://edurodrigues.com.br/wp-content/uploads/2021/01/vilanova.jpg","image/jpeg","208","98","","18258","2021-01-14","home; clientes","in use",""
"assets/clients/ZN.jpg","https://edurodrigues.com.br/wp-content/uploads/2021/01/ZN.jpg","image/jpeg","208","98","","17548","2021-01-14","home; clientes","in use",""
"assets/gallery/corporativo/eduardo-rodrigues-eventos-corporativo-2012-adh.jpg","https://edurodrigues.com.br/wp-content/uploads/2021/01/eduardo-rodrigues-eventos-corporativo-2012-adh.jpg","image/jpeg","1200","803","","191694","2021-01-15","corporativo","in use","Conduzindo Congresso Nacional de Saúde-São Camilo-ExpoCenter Norte"
"assets/gallery/corporativo/eduardo-rodrigues-eventos-corporativo-2016.jpg","https://edurodrigues.com.br/wp-content/uploads/2021/01/eduardo-rodrigues-eventos-corporativo-2016.jpg","image/jpeg","1200","795","","115336","2021-01-15","corporativo","in use","Apresentando Congresso da Angrad – São Paulo"
"assets/gallery/corporativo/eduardo-rodrigues-eventos-corporativo-2016-ix-senangrad.jpg","https://edurodrigues.com.br/wp-content/uploads/2021/01/eduardo-rodrigues-eventos-corporativo-2016-ix-senangrad.jpg","image/jpeg","1200","795","","173003","2021-01-15","corporativo","in use","Seminário Educacional-Sede Mackenzie-SP"
"assets/gallery/corporativo/eduardo-rodrigues-eventos-corporativo-2016-xxvii-enangrad.jpg","https://edurodrigues.com.br/wp-content/uploads/2021/01/eduardo-rodrigues-eventos-corporativo-2016-xxvii-enangrad.jpg","image/jpeg","1200","795","","209946","2021-01-15","corporativo","in use","Congresso de Educação – Enangrad – Campinas"
"assets/gallery/corporativo/eduardo-rodrigues-eventos-corporativo-xv-congresso-ibgc.jpg","https://edurodrigues.com.br/wp-content/uploads/2021/01/eduardo-rodrigues-eventos-corporativo-xv-congresso-ibgc.jpg","image/jpeg","1200","795","","130088","2021-01-15","corporativo","in use","15o.Congresso IBCG-Anhembi-SP"
"assets/gallery/eduardo-rodrigues/eduardo-rodrigues-web-radio-2009-v02.jpg","https://edurodrigues.com.br/wp-content/uploads/2021/01/eduardo-rodrigues-web-radio-2009-v02.jpg","image/jpeg","1200","900","","143020","2021-01-15","eduardo-rodrigues","in use","Apresentador"
"assets/gallery/eduardo-rodrigues/eduardo-rodrigues-web-radio-2009-v03.jpg","https://edurodrigues.com.br/wp-content/uploads/2021/01/eduardo-rodrigues-web-radio-2009-v03.jpg","image/jpeg","900","1200","","171741","2021-01-15","eduardo-rodrigues","in use","Apresentador"
"assets/gallery/eduardo-rodrigues/eduardo-rodrigues-web-radio-2009-v04.jpg","https://edurodrigues.com.br/wp-content/uploads/2021/01/eduardo-rodrigues-web-radio-2009-v04.jpg","image/jpeg","900","1200","","156647","2021-01-15","eduardo-rodrigues","in use","Mestre de Cerimônias"
"assets/gallery/eduardo-rodrigues/eduardo-rodrigues-web-radio-2009-v05.jpg","https://edurodrigues.com.br/wp-content/uploads/2021/01/eduardo-rodrigues-web-radio-2009-v05.jpg","image/jpeg","1200","900","","113341","2021-01-15","eduardo-rodrigues","in use","Em trabalho na HBO"
"assets/gallery/eduardo-rodrigues/IMG-20210614-WA0133.jpg","https://edurodrigues.com.br/wp-content/uploads/2021/06/IMG-20210614-WA0133.jpg","image/jpeg","853","1280","","387588","2021-06-18","eduardo-rodrigues","in use","Eduvoice Estúdio"
"assets/gallery/estudio/eduardo-rodrigues-estudio-2007-v01.jpg","https://edurodrigues.com.br/wp-content/uploads/2021/01/eduardo-rodrigues-estudio-2007-v01.jpg","image/jpeg","1200","900","","225095","2021-01-15","estudio","in use","Locução Comercial/Estúdio Gravação"
"assets/gallery/estudio/eduardo-rodrigues-estudio-2007-v02.jpg","https://edurodrigues.com.br/wp-content/uploads/2021/01/eduardo-rodrigues-estudio-2007-v02.jpg","image/jpeg","1200","900","","336782","2021-01-15","","in library, not shown on any page",""
"assets/gallery/estudio/eduardo-rodrigues-estudio-2007-v03.jpg","https://edurodrigues.com.br/wp-content/uploads/2021/01/eduardo-rodrigues-estudio-2007-v03.jpg","image/jpeg","1200","900","","302493","2021-01-15","estudio","in use","Locução Comercial/Estúdio Gravação"
"assets/gallery/estudio/eduardo-rodrigues-web-radio-2009-v06.jpg","https://edurodrigues.com.br/wp-content/uploads/2021/01/eduardo-rodrigues-web-radio-2009-v06.jpg","image/jpeg","1200","900","","242745","2021-01-15","estudio","in use","Locução Comercial em Estúdio"
"assets/gallery/estudio/eduardo-rodrigues-web-radio-2009-v07.jpg","https://edurodrigues.com.br/wp-content/uploads/2021/01/eduardo-rodrigues-web-radio-2009-v07.jpg","image/jpeg","1200","900","","193694","2021-01-15","estudio","in use","Gravação no Estudio da HBO-Brasil"
"assets/gallery/estudio/IMG-20210614-WA0126.jpg","https://edurodrigues.com.br/wp-content/uploads/2021/06/IMG-20210614-WA0126.jpg","image/jpeg","1280","1121","","585979","2021-06-18","estudio","in use","Gravando-Eduvoice Produtora"
"assets/gallery/festas/eduardo-rodrigues-festa-2007-v01.jpg","https://edurodrigues.com.br/wp-content/uploads/2021/01/eduardo-rodrigues-festa-2007-v01.jpg","image/jpeg","900","1200","","285419","2021-01-15","festas","in use","Mestre de Cerimônias-Baile de Formaturas -Clube Mendes Santos"
"assets/gallery/festas/eduardo-rodrigues-festa-2007-v02.jpg","https://edurodrigues.com.br/wp-content/uploads/2021/01/eduardo-rodrigues-festa-2007-v02.jpg","image/jpeg","1200","900","","304572","2021-01-15","festas","in use","Mestre de Cerimônias-Baile de Formaturas -Clube Mendes Santos"
"assets/gallery/festas/eduardo-rodrigues-festa-fantasia-debutante-2008.jpg","https://edurodrigues.com.br/wp-content/uploads/2021/01/eduardo-rodrigues-festa-fantasia-debutante-2008.jpg","image/jpeg","1200","900","","192040","2021-01-15","festas","in use","Apresentando Festa de Debutante em Buffet -São Paulo"
"assets/gallery/formaturas/eduardo-rodrigues-formaturas-2011-policamp-v01-5.jpg","https://edurodrigues.com.br/wp-content/uploads/2021/01/eduardo-rodrigues-formaturas-2011-policamp-v01-5.jpg","image/jpeg","800","1200","","275487","2021-01-15","","in library, not shown on any page",""
"assets/gallery/formaturas/eduardo-rodrigues-formaturas-2011-policamp-v02-3.jpg","https://edurodrigues.com.br/wp-content/uploads/2021/01/eduardo-rodrigues-formaturas-2011-policamp-v02-3.jpg","image/jpeg","1200","800","","251183","2021-01-15","","in library, not shown on any page",""
"assets/gallery/formaturas/eduardo-rodrigues-formaturas-2011-policamp-v03-3.jpg","https://edurodrigues.com.br/wp-content/uploads/2021/01/eduardo-rodrigues-formaturas-2011-policamp-v03-3.jpg","image/jpeg","1200","800","","240582","2021-01-15","formaturas","in use","Cobrindo reportagem em TV Corporativa"
"assets/gallery/formaturas/eduardo-rodrigues-formaturas-2011-policamp-v04-3.jpg","https://edurodrigues.com.br/wp-content/uploads/2021/01/eduardo-rodrigues-formaturas-2011-policamp-v04-3.jpg","image/jpeg","1200","800","","164419","2021-01-15","formaturas","in use","Em colação de grau, sendo parabenizado."
"assets/gallery/formaturas/eduardo-rodrigues-formaturas-2013-faj-3.jpg","https://edurodrigues.com.br/wp-content/uploads/2021/01/eduardo-rodrigues-formaturas-2013-faj-3.jpg","image/jpeg","1200","795","","128096","2021-01-15","formaturas","in use","No púlpito mais um evento"
"assets/gallery/formaturas/eduardo-rodrigues-formaturas-2013-max-planck-v01-3.jpg","https://edurodrigues.com.br/wp-content/uploads/2021/01/eduardo-rodrigues-formaturas-2013-max-planck-v01-3.jpg","image/jpeg","1200","795","","123462","2021-01-15","","in library, not shown on any page",""
"assets/gallery/formaturas/eduardo-rodrigues-formaturas-2013-max-planck-v02-3.jpg","https://edurodrigues.com.br/wp-content/uploads/2021/01/eduardo-rodrigues-formaturas-2013-max-planck-v02-3.jpg","image/jpeg","1200","795","","161840","2021-01-15","formaturas","in use","Conduzindo formatura de 500 alunos da Unimax"
"assets/gallery/formaturas/eduardo-rodrigues-formaturas-2014-faj-pronatec-4.jpg","https://edurodrigues.com.br/wp-content/uploads/2021/01/eduardo-rodrigues-formaturas-2014-faj-pronatec-4.jpg","image/jpeg","800","1200","","125827","2021-01-15","formaturas","in use","MC atuando"
"assets/gallery/formaturas/eduardo-rodrigues-formaturas-2014-max-planck-v03-3.jpg","https://edurodrigues.com.br/wp-content/uploads/2021/01/eduardo-rodrigues-formaturas-2014-max-planck-v03-3.jpg","image/jpeg","800","1200","","137964","2021-01-15","formaturas","in use","Apresentação evento empresarial"
"assets/gallery/formaturas/eduardo-rodrigues-formaturas-2016-4.jpg","https://edurodrigues.com.br/wp-content/uploads/2021/01/eduardo-rodrigues-formaturas-2016-4.jpg","image/jpeg","1200","795","","237142","2021-01-15","formaturas","in use","Passando roteiro com a produção"
"assets/hero/eventos-corporativos-eduardo-rodrigues.jpg","https://edurodrigues.com.br/wp-content/uploads/2021/01/eventos-corporativos-eduardo-rodrigues.jpg","image/jpeg","1920","580","","144210","2021-01-08","home","in use",""
"assets/hero/locucao-eduardo-rodrigues.jpg","https://edurodrigues.com.br/wp-content/uploads/2021/01/locucao-eduardo-rodrigues.jpg","image/jpeg","1920","580","","267476","2021-01-08","home","in use",""
"assets/hero/realizacao-de-congressos-eduardo-rodrigues.jpg","https://edurodrigues.com.br/wp-content/uploads/2021/01/realizacao-de-congressos-eduardo-rodrigues.jpg","image/jpeg","1920","580","","136242","2021-01-08","home","in use",""
"assets/profile/Eduardo-Rodrigues-Web-radio-2009-02-scaled.jpg","https://edurodrigues.com.br/wp-content/uploads/2021/01/Eduardo-Rodrigues-Web-radio-2009-02-scaled.jpg","image/jpeg","2560","1920","","330125","2021-01-08","","in library, not shown on any page",""
"assets/profile/IMG-20210325-WA0053.jpg","https://edurodrigues.com.br/wp-content/uploads/2021/03/IMG-20210325-WA0053.jpg","image/jpeg","864","1152","","78866","2021-03-26","home","in use",""
