brand	https://edurodrigues.com.br/wp-content/uploads/2017/03/cropped-favicon-1.png
gallery/eduardo-rodrigues	https://edurodrigues.com.br/wp-content/uploads/2021/06/IMG-20210614-WA0133.jpg
gallery/estudio	https://edurodrigues.com.br/wp-content/uploads/2021/06/IMG-20210614-WA0126.jpg
audio	https://edurodrigues.com.br/wp-content/uploads/2021/05/Radio.mp3
audio	https://edurodrigues.com.br/wp-content/uploads/2021/05/E-Learning.mp3
audio	https://edurodrigues.com.br/wp-content/uploads/2021/05/Institucional.mp3
audio	https://edurodrigues.com.br/wp-content/uploads/2021/05/URA.mp3
audio	https://edurodrigues.com.br/wp-content/uploads/2021/05/Chamadas_Vinhetas.mp3
audio	https://edurodrigues.com.br/wp-content/uploads/2021/05/Voz_Natural.mp3
audio	https://edurodrigues.com.br/wp-content/uploads/2021/05/Jovem_Varejo.mp3
audio	https://edurodrigues.com.br/wp-content/uploads/2021/05/Classico.mp3
audio	https://edurodrigues.com.br/wp-content/uploads/2021/05/Repertorio_Completo-3.mp3
audio	https://edurodrigues.com.br/wp-content/uploads/2021/05/Repertorio_Completo-2.mp3
audio	https://edurodrigues.com.br/wp-content/uploads/2021/05/Repertorio_Completo-1.mp3
audio	https://edurodrigues.com.br/wp-content/uploads/2021/05/Repertorio_Completo.mp3
profile	https://edurodrigues.com.br/wp-content/uploads/2021/03/IMG-20210325-WA0053.jpg
gallery/formaturas	https://edurodrigues.com.br/wp-content/uploads/2021/01/eduardo-rodrigues-formaturas-2016-4.jpg
gallery/formaturas	https://edurodrigues.com.br/wp-content/uploads/2021/01/eduardo-rodrigues-formaturas-2014-max-planck-v03-3.jpg
gallery/formaturas	https://edurodrigues.com.br/wp-content/uploads/2021/01/eduardo-rodrigues-formaturas-2014-faj-pronatec-4.jpg
gallery/formaturas	https://edurodrigues.com.br/wp-content/uploads/2021/01/eduardo-rodrigues-formaturas-2013-max-planck-v02-3.jpg
gallery/formaturas	https://edurodrigues.com.br/wp-content/uploads/2021/01/eduardo-rodrigues-formaturas-2013-max-planck-v01-3.jpg
gallery/formaturas	https://edurodrigues.com.br/wp-content/uploads/2021/01/eduardo-rodrigues-formaturas-2013-faj-3.jpg
gallery/formaturas	https://edurodrigues.com.br/wp-content/uploads/2021/01/eduardo-rodrigues-formaturas-2011-policamp-v04-3.jpg
gallery/formaturas	https://edurodrigues.com.br/wp-content/uploads/2021/01/eduardo-rodrigues-formaturas-2011-policamp-v03-3.jpg
gallery/formaturas	https://edurodrigues.com.br/wp-content/uploads/2021/01/eduardo-rodrigues-formaturas-2011-policamp-v02-3.jpg
gallery/formaturas	https://edurodrigues.com.br/wp-content/uploads/2021/01/eduardo-rodrigues-formaturas-2011-policamp-v01-5.jpg
gallery/festas	https://edurodrigues.com.br/wp-content/uploads/2021/01/eduardo-rodrigues-festa-fantasia-debutante-2008.jpg
gallery/festas	https://edurodrigues.com.br/wp-content/uploads/2021/01/eduardo-rodrigues-festa-2007-v02.jpg
gallery/festas	https://edurodrigues.com.br/wp-content/uploads/2021/01/eduardo-rodrigues-festa-2007-v01.jpg
gallery/estudio	https://edurodrigues.com.br/wp-content/uploads/2021/01/eduardo-rodrigues-estudio-2007-v03.jpg
gallery/estudio	https://edurodrigues.com.br/wp-content/uploads/2021/01/eduardo-rodrigues-estudio-2007-v02.jpg
gallery/estudio	https://edurodrigues.com.br/wp-content/uploads/2021/01/eduardo-rodrigues-estudio-2007-v01.jpg
gallery/estudio	https://edurodrigues.com.br/wp-content/uploads/2021/01/eduardo-rodrigues-web-radio-2009-v07.jpg
gallery/estudio	https://edurodrigues.com.br/wp-content/uploads/2021/01/eduardo-rodrigues-web-radio-2009-v06.jpg
gallery/eduardo-rodrigues	https://edurodrigues.com.br/wp-content/uploads/2021/01/eduardo-rodrigues-web-radio-2009-v05.jpg
gallery/eduardo-rodrigues	https://edurodrigues.com.br/wp-content/uploads/2021/01/eduardo-rodrigues-web-radio-2009-v04.jpg
gallery/eduardo-rodrigues	https://edurodrigues.com.br/wp-content/uploads/2021/01/eduardo-rodrigues-web-radio-2009-v03.jpg
gallery/eduardo-rodrigues	https://edurodrigues.com.br/wp-content/uploads/2021/01/eduardo-rodrigues-web-radio-2009-v02.jpg
gallery/corporativo	https://edurodrigues.com.br/wp-content/uploads/2021/01/eduardo-rodrigues-eventos-corporativo-xv-congresso-ibgc.jpg
gallery/corporativo	https://edurodrigues.com.br/wp-content/uploads/2021/01/eduardo-rodrigues-eventos-corporativo-2016-xxvii-enangrad.jpg
gallery/corporativo	https://edurodrigues.com.br/wp-content/uploads/2021/01/eduardo-rodrigues-eventos-corporativo-2016-ix-senangrad.jpg
gallery/corporativo	https://edurodrigues.com.br/wp-content/uploads/2021/01/eduardo-rodrigues-eventos-corporativo-2016.jpg
gallery/corporativo	https://edurodrigues.com.br/wp-content/uploads/2021/01/eduardo-rodrigues-eventos-corporativo-2012-adh.jpg
clients	https://edurodrigues.com.br/wp-content/uploads/2021/01/ZN.jpg
clients	https://edurodrigues.com.br/wp-content/uploads/2021/01/vilanova.jpg
clients	https://edurodrigues.com.br/wp-content/uploads/2021/01/vigorito.jpg
clients	https://edurodrigues.com.br/wp-content/uploads/2021/01/unidas.jpg
clients	https://edurodrigues.com.br/wp-content/uploads/2021/01/Starbyte.jpg
clients	https://edurodrigues.com.br/wp-content/uploads/2021/01/soccer.jpg
clients	https://edurodrigues.com.br/wp-content/uploads/2021/01/shizen.jpg
clients	https://edurodrigues.com.br/wp-content/uploads/2021/01/senac.jpg
clients	https://edurodrigues.com.br/wp-content/uploads/2021/01/segurancaSP.jpg
clients	https://edurodrigues.com.br/wp-content/uploads/2021/01/PUC.jpg
clients	https://edurodrigues.com.br/wp-content/uploads/2021/01/pt.jpg
clients	https://edurodrigues.com.br/wp-content/uploads/2021/01/PrefSuzano.jpg
clients	https://edurodrigues.com.br/wp-content/uploads/2021/01/PrefGuarulhos.jpg
clients	https://edurodrigues.com.br/wp-content/uploads/2021/01/nextel.jpg
clients	https://edurodrigues.com.br/wp-content/uploads/2021/01/Mundo-.jpg
clients	https://edurodrigues.com.br/wp-content/uploads/2021/01/monitor.jpg
clients	https://edurodrigues.com.br/wp-content/uploads/2021/01/metro-news.jpg
clients	https://edurodrigues.com.br/wp-content/uploads/2021/01/martmark.jpg
clients	https://edurodrigues.com.br/wp-content/uploads/2021/01/herba.jpg
clients	https://edurodrigues.com.br/wp-content/uploads/2021/01/hbc.jpg
clients	https://edurodrigues.com.br/wp-content/uploads/2021/01/folhaMetropolitana.jpg
clients	https://edurodrigues.com.br/wp-content/uploads/2021/01/ChristianFormon.jpg
clients	https://edurodrigues.com.br/wp-content/uploads/2021/01/atlasEditora.jpg
clients	https://edurodrigues.com.br/wp-content/uploads/2021/01/abdl.jpg
profile	https://edurodrigues.com.br/wp-content/uploads/2021/01/Eduardo-Rodrigues-Web-radio-2009-02-scaled.jpg
hero	https://edurodrigues.com.br/wp-content/uploads/2021/01/realizacao-de-congressos-eduardo-rodrigues.jpg
hero	https://edurodrigues.com.br/wp-content/uploads/2021/01/locucao-eduardo-rodrigues.jpg
hero	https://edurodrigues.com.br/wp-content/uploads/2021/01/eventos-corporativos-eduardo-rodrigues.jpg
brand	https://edurodrigues.com.br/wp-content/uploads/2021/01/Edulogo.gif
